<Sprite
	filename="%PATH%transition2.png"
	offset_x="0"
	offset_y="0"
	default_animation="1">
	<RectAnimation frame_count="1" frames_per_row="1" frame_wait="0.2" pos_y="0" pos_x="186" frame_height="64" name="anim_0" frame_width="64" />
	<RectAnimation frame_count="1" frames_per_row="1" frame_wait="0.2" pos_y="0" pos_x="180" frame_height="64" name="anim_1" frame_width="64" />
	<RectAnimation frame_count="1" frames_per_row="1" frame_wait="0.2" pos_y="0" pos_x="174" frame_height="64" name="anim_2" frame_width="64" />
	<RectAnimation frame_count="1" frames_per_row="1" frame_wait="0.2" pos_y="0" pos_x="169" frame_height="64" name="anim_3" frame_width="64" />
	<RectAnimation frame_count="1" frames_per_row="1" frame_wait="0.2" pos_y="0" pos_x="163" frame_height="64" name="anim_4" frame_width="64" />
	<RectAnimation frame_count="1" frames_per_row="1" frame_wait="0.2" pos_y="0" pos_x="157" frame_height="64" name="anim_5" frame_width="64" />
	<RectAnimation frame_count="1" frames_per_row="1" frame_wait="0.2" pos_y="0" pos_x="151" frame_height="64" name="anim_6" frame_width="64" />
	<RectAnimation frame_count="1" frames_per_row="1" frame_wait="0.2" pos_y="0" pos_x="145" frame_height="64" name="anim_7" frame_width="64" />
	<RectAnimation frame_count="1" frames_per_row="1" frame_wait="0.2" pos_y="0" pos_x="140" frame_height="64" name="anim_8" frame_width="64" />
	<RectAnimation frame_count="1" frames_per_row="1" frame_wait="0.2" pos_y="0" pos_x="134" frame_height="64" name="anim_9" frame_width="64" />
	<RectAnimation frame_count="1" frames_per_row="1" frame_wait="0.2" pos_y="0" pos_x="128" frame_height="64" name="anim_10" frame_width="64" />
	<RectAnimation frame_count="1" frames_per_row="1" frame_wait="0.2" pos_y="0" pos_x="122" frame_height="64" name="anim_11" frame_width="64" />
	<RectAnimation frame_count="1" frames_per_row="1" frame_wait="0.2" pos_y="0" pos_x="116" frame_height="64" name="anim_12" frame_width="64" />
	<RectAnimation frame_count="1" frames_per_row="1" frame_wait="0.2" pos_y="0" pos_x="110" frame_height="64" name="anim_13" frame_width="64" />
	<RectAnimation frame_count="1" frames_per_row="1" frame_wait="0.2" pos_y="0" pos_x="105" frame_height="64" name="anim_14" frame_width="64" />
	<RectAnimation frame_count="1" frames_per_row="1" frame_wait="0.2" pos_y="0" pos_x="99" frame_height="64" name="anim_15" frame_width="64" />
	<RectAnimation frame_count="1" frames_per_row="1" frame_wait="0.2" pos_y="0" pos_x="93" frame_height="64" name="anim_16" frame_width="64" />
	<RectAnimation frame_count="1" frames_per_row="1" frame_wait="0.2" pos_y="0" pos_x="87" frame_height="64" name="anim_17" frame_width="64" />
	<RectAnimation frame_count="1" frames_per_row="1" frame_wait="0.2" pos_y="0" pos_x="81" frame_height="64" name="anim_18" frame_width="64" />
	<RectAnimation frame_count="1" frames_per_row="1" frame_wait="0.2" pos_y="0" pos_x="76" frame_height="64" name="anim_19" frame_width="64" />
	<RectAnimation frame_count="1" frames_per_row="1" frame_wait="0.2" pos_y="0" pos_x="70" frame_height="64" name="anim_20" frame_width="64" />
	<RectAnimation frame_count="1" frames_per_row="1" frame_wait="0.2" pos_y="0" pos_x="64" frame_height="64" name="anim_21" frame_width="64" />
	<RectAnimation frame_count="1" frames_per_row="1" frame_wait="0.2" pos_y="0" pos_x="58" frame_height="64" name="anim_22" frame_width="64" />
	<RectAnimation frame_count="1" frames_per_row="1" frame_wait="0.2" pos_y="0" pos_x="52" frame_height="64" name="anim_23" frame_width="64" />
	<RectAnimation frame_count="1" frames_per_row="1" frame_wait="0.2" pos_y="0" pos_x="46" frame_height="64" name="anim_24" frame_width="64" />
	<RectAnimation frame_count="1" frames_per_row="1" frame_wait="0.2" pos_y="0" pos_x="41" frame_height="64" name="anim_25" frame_width="64" />
	<RectAnimation frame_count="1" frames_per_row="1" frame_wait="0.2" pos_y="0" pos_x="35" frame_height="64" name="anim_26" frame_width="64" />
	<RectAnimation frame_count="1" frames_per_row="1" frame_wait="0.2" pos_y="0" pos_x="29" frame_height="64" name="anim_27" frame_width="64" />
	<RectAnimation frame_count="1" frames_per_row="1" frame_wait="0.2" pos_y="0" pos_x="23" frame_height="64" name="anim_28" frame_width="64" />
	<RectAnimation frame_count="1" frames_per_row="1" frame_wait="0.2" pos_y="0" pos_x="17" frame_height="64" name="anim_29" frame_width="64" />
	<RectAnimation frame_count="1" frames_per_row="1" frame_wait="0.2" pos_y="0" pos_x="12" frame_height="64" name="anim_30" frame_width="64" />
	<RectAnimation frame_count="1" frames_per_row="1" frame_wait="0.2" pos_y="0" pos_x="6" frame_height="64" name="anim_31" frame_width="64" />
	<RectAnimation frame_count="1" frames_per_row="1" frame_wait="0.2" pos_y="0" pos_x="0" frame_height="64" name="anim_32" frame_width="64" />
</Sprite>
